{"train_loss": [18.348313710460925, 13.304086307548497, 12.559394422867527, 12.351000288169677, 12.21913038622843, 11.955830358887372, 12.01780634955184, 11.765159215420892, 11.633035885552838, 11.573744020233416, 11.5427864887943, 11.364178295413108, 11.368860588906562, 11.251895639994373, 11.315004966438632, 11.157475396786651, 11.048919685491144, 11.050116353247263, 10.927134195010956, 10.908512128950798, 10.816572446529179, 10.712121660986991, 10.674541290900478, 10.748085016257143, 10.542926338437486, 10.450820904072017, 10.508306928285181, 10.381227342641516, 10.483598820150714, 10.343136843753188, 10.14987654677809, 10.200951681153414, 10.177312493732531, 10.47825039331227, 10.12681622946099, 10.240391630832463, 9.96861582096309, 9.973956664131112, 9.990812622929273, 9.77429931171953], "val_loss": [13.325109864536085, 11.190145801556739, 11.301281009849749, 10.705637759283968, 10.554278312545074, 10.61824229045918, 10.954014050333123, 10.178285641105552, 10.084746904279056, 10.121796233089347, 9.979368423160754, 9.941358621183195, 9.887113306083178, 9.884357718260665, 10.085161973771296, 9.650380601224146, 9.67104823808921, 9.499158354181992, 10.27865652347866, 9.357640839721027, 9.252107292413712, 9.240790253407077, 9.154305472185737, 9.147974295835747, 9.421164115008555, 8.888525576183671, 8.88708229049256, 8.754065439889306, 8.886572719404572, 8.632543881472788, 8.671635567357665, 8.787319784101687, 8.537558947738848, 8.656725721923928, 8.645878580055738, 8.470052958319062, 8.33849356284267, 8.343121090217641, 8.606791828808031, 8.401494958683065], "val_accuracy": [0.8353344768439108, 0.8353344768439108, 0.8284734133790738, 0.8456260720411664, 0.8473413379073756, 0.8387650085763293, 0.8301886792452831, 0.8542024013722127, 0.8542024013722127, 0.8524871355060034, 0.8576329331046312, 0.8662092624356775, 0.8593481989708405, 0.8524871355060034, 0.8490566037735849, 0.8627787307032591, 0.855917667238422, 0.8679245283018868, 0.8439108061749572, 0.8713550600343053, 0.8765008576329331, 0.8799313893653516, 0.8850771869639794, 0.8833619210977701, 0.8644939965694682, 0.888507718696398, 0.8902229845626072, 0.8902229845626072, 0.8833619210977701, 0.8919382504288165, 0.8919382504288165, 0.8833619210977701, 0.8936535162950258, 0.8902229845626072, 0.8850771869639794, 0.8953687821612349, 0.8936535162950258, 0.8970840480274442, 0.8953687821612349, 0.888507718696398], "epoch_train_times": [134.15599770100005, 9.361179459000027, 9.736309562999963, 10.040073007000046, 10.387140050000085, 10.228413407000062, 10.281690413999968, 10.164578765999977, 10.135228653000013, 10.205755608999993, 10.02605566300008, 10.326715035999996, 9.572787768000012, 9.41633296100008, 9.175382033999995, 9.311339755000063, 9.686081646000048, 9.741187544000013, 9.951518695000004, 9.98494056300001, 9.8845444829999, 10.214638911000065, 10.039385626000012, 10.262977123999917, 10.171041677999938, 10.216629749000049, 10.214264569000079, 9.781087856999875, 9.759845311999925, 9.682020219000151, 9.530443396999999, 9.396884664000027, 9.621987819999958, 9.66821982800002, 9.768994106000036, 9.969712108000067, 10.026281428999937, 10.08034759799989, 10.270549132000042, 10.120175071999938]}