{
    "colsample_bytree": 0.6517241235146054,
    "gamma": 3.595444436378374,
    "learning_rate": 0.09053629164994359,
    "max_depth": 9,
    "min_child_weight": 2,
    "reg_alpha": 16.861141568695626,
    "reg_lambda": 0.2698356414378619,
    "subsample": 0.5477893965196412
}